Abingdon 	0 	8.0
Adam 	0 	4.0
Adis 	0 	4.0
Admiralty 	0 	9.0
Ah Hood 	0 	3.0
Ah Soo 	0 	2.5
Aida 	0 	4.0
Airline 	0 	7.0
Airport 	0 	7.0
Airport Cargo 	0 	6.0
Akyab 	0 	5.0
Albert 	0 	6.0
Alexandra 	0 	9.0
Aliwal 	0 	6.0
Aljunied 	0 	8.0
Alkaff 	0 	6.0
Allamanda 	0 	9.0
Allanbrooke 	0 	11.0
Allenby 	0 	7.0
Almond 	0 	6.0
Alnwick 	0 	7.0
Ama Keng 	0 	3.5
Amber 	0 	5.0
Amberwood 	0 	9.0
Amoy 	0 	4.0
Anamalai 	0 	8.0
Anchorvale 	0 	10.0
Anderson 	0 	8.0
Andover 	0 	7.0
Andrew 	0 	6.0
Ang Mo Kio 	0 	2.66666666667
Angklong 	0 	8.0
Angora 	0 	6.0
Angsana 	0 	7.0
Angullia 	0 	8.0
Angus 	0 	5.0
Ann Siang 	0 	4.0
Anson 	0 	5.0
Anthony 	0 	7.0
Arab 	0 	4.0
Arcadia 	0 	7.0
Architecture 	0 	12.0
Ardmore 	0 	7.0
Armenian 	0 	8.0
Arnasalam Chetty 	0 	7.5
Aroozoo 	0 	7.0
Arthur 	0 	6.0
Artillery 	0 	9.0
Arts 	0 	4.0
Arumugam 	0 	8.0
Ascot 	0 	5.0
Ash 	0 	3.0
Ashwood 	0 	7.0
Asimont 	0 	7.0
Astrid 	0 	6.0
Attap 	0 	5.0
Auckland 	0 	8.0
Ava 	0 	3.0
Aviation 	0 	8.0
Avon 	0 	4.0
Ayer Rajah 	0 	4.5
Baboo 	0 	5.0
Baghdad 	0 	7.0
Bah Soon Pah 	0 	3.33333333333
Bain 	0 	4.0
Baker 	0 	5.0
Balam 	0 	5.0
Balestier 	0 	9.0
Bali 	0 	4.0
Ballater 	0 	8.0
Balmeg 	0 	6.0
Balmoral 	0 	8.0
Ban San 	0 	3.0
Banda 	0 	5.0
Bangkit 	0 	7.0
Barbary 	0 	7.0
Barker 	0 	6.0
Bartley 	0 	7.0
Bassein 	0 	7.0
Bath 	0 	4.0
Battery 	0 	7.0
Bayfront 	0 	8.0
Bays Water 	0 	4.5
Bayshore 	0 	8.0
Beach 	0 	5.0
Beatty 	0 	6.0
Beaulieu 	0 	8.0
Bedford 	0 	7.0
Bedok 	0 	5.0
Bedok Ria 	0 	4.0
Bedok 	0 	5.0
Bee San 	0 	3.0
Beechwood 	0 	9.0
Begonia 	0 	7.0
Belilios 	0 	8.0
Belimbing 	0 	9.0
Belmont 	0 	7.0
Belvedere 	0 	9.0
Bencoolen 	0 	9.0
Bendemeer 	0 	9.0
Beng Huat 	0 	4.0
Beng Wan 	0 	3.5
Benoi 	0 	5.0
Beo 	0 	3.0
Berkshire 	0 	9.0
Bermuda 	0 	7.0
Bernam 	0 	6.0
Berrima 	0 	7.0
Berwick 	0 	7.0
Bhamo 	0 	5.0
Bideford 	0 	8.0
Biggin 	0 	6.0
Bilal 	0 	5.0
Bin Tong 	0 	3.5
Binchang 	0 	8.0
Binjai 	0 	6.0
Birch 	0 	5.0
Bird 	0 	4.0
Bishan 	0 	6.0
Bishops 	0 	7.0
Bishopsgate 	0 	11.0
Bishopswalk 	0 	11.0
Blackmore 	0 	9.0
Blair 	0 	5.0
Blandford 	0 	9.0
Bloxhome 	0 	8.0
Bo Seng 	0 	3.0
Boat 	0 	4.0
Bodmin 	0 	6.0
Bond 	0 	4.0
Bonham 	0 	6.0
Boon Keng 	0 	4.0
Boon Lay 	0 	3.5
Boon Leat 	0 	4.0
Boon Tat 	0 	3.5
Boon Teck 	0 	4.0
Boon Tiong 	0 	4.5
Borthwick 	0 	9.0
Boscombe 	0 	8.0
Boundary 	0 	8.0
Bournemouth 	0 	11.0
Bowmont 	0 	7.0
Braddell 	0 	8.0
Braemar 	0 	7.0
Branksome 	0 	9.0
Bras Basah 	0 	4.5
Bridport 	0 	8.0
Bright 	0 	6.0
Brighton 	0 	8.0
Bristol 	0 	7.0
Brizay 	0 	6.0
Broadrick 	0 	9.0
Brockhampton 	0 	12.0
Brompton 	0 	8.0
Brooke 	0 	6.0
Brookvale 	0 	9.0
Buangkok 	0 	8.0
Buckley 	0 	7.0
Buffalo 	0 	7.0
Bugis 	0 	5.0
Bukit Arang 	0 	5.0
Ayer Molek 	1 	4.5
Bukit Batok 	0 	5.0
Batok 	1 	5.0
Bukit Batok 	0 	5.0
Bukit Chermin 	0 	6.0
Bukit Ho Swee 	0 	3.66666666667
Manis 	1 	5.0
Bukit Manis 	0 	5.0
Bukit Merah 	0 	5.0
Mugliston 	1 	9.0
Bukit Panjang 	0 	6.0
Bukit Pasoh 	0 	5.0
Purmei 	1 	6.0
Bukit Purmei 	0 	5.5
Bukit Sedap 	0 	5.0
Bukit Teresa 	0 	5.5
Bukit Timah 	0 	5.0
Bukit Tinggi 	0 	5.5
Bukit Tunggal 	0 	6.0
Bunga Rampai 	0 	5.5
Burghley 	0 	8.0
Burgundy 	0 	8.0
Burmah 	0 	6.0
Burn 	0 	4.0
Burnfoot 	0 	8.0
Buroh 	0 	5.0
Bury 	0 	4.0
Business 	0 	8.0
Bussorah 	0 	8.0
Butterfly 	0 	9.0
Butterworth 	0 	11.0
Buyong 	0 	6.0
Cable Car 	0 	4.0
Cable 	0 	5.0
Cactus 	0 	6.0
Cairnhill 	0 	9.0
Caldecott 	0 	9.0
Calshot 	0 	7.0
Camborne 	0 	8.0
Cambridge 	0 	9.0
Camden 	0 	6.0
Cameron 	0 	7.0
Camp 	0 	4.0
Campbell 	0 	8.0
Camphor 	0 	7.0
Canada 	0 	6.0
Canberra 	0 	8.0
Canning 	0 	7.0
Canterbury 	0 	10.0
Canton 	0 	6.0
Cantonment 	0 	10.0
Capricorn 	0 	9.0
Cardiff 	0 	7.0
Carisbrooke 	0 	11.0
Carlisle 	0 	8.0
Carlton 	0 	7.0
Carmen 	0 	6.0
Carmichael 	0 	10.0
Carnation 	0 	9.0
Carpenter 	0 	9.0
Carpmael 	0 	8.0
Carver 	0 	6.0
Caseen 	0 	6.0
Cashew 	0 	6.0
Cashin 	0 	6.0
Cassia 	0 	6.0
Casuarina 	0 	9.0
Catterick 	0 	9.0
Cavan 	0 	5.0
Cavenagh 	0 	8.0
Cecil 	0 	5.0
Cedar 	0 	5.0
Cedarwood 	0 	9.0
Boulevard 	0 	9.0
Circus 	0 	6.0
Ceylon 	0 	6.0
Chai Chee 	0 	4.0
Chancery 	0 	8.0
Chang Charn 	0 	5.0
Change Alley 	0 	5.5
Changi 	0 	6.0
Changi Ferry 	0 	5.5
Changi 	0 	6.0
Chapel 	0 	6.0
Charlton 	0 	8.0
Chartwell 	0 	9.0
Chatsworth 	0 	10.0
Chay Yan 	0 	3.5
Cheang Hong Lim 	0 	4.33333333333
Cheang Wan Seng 	0 	4.33333333333
Chee Hoon 	0 	4.0
Chempaka 	0 	8.0
Cheng Lim 	0 	4.0
Cheng Soon 	0 	4.5
Cheng Yan 	0 	4.0
Cheong Chin Nam 	0 	4.33333333333
Cheow Keng 	0 	4.5
Chepstow 	0 	8.0
Cherry 	0 	6.0
Chestnut 	0 	8.0
Cheviot 	0 	7.0
Chia Eng Say 	0 	3.33333333333
Chia Ping 	0 	4.0
Chiap Guan 	0 	4.5
Chiku 	0 	5.0
Chiltern 	0 	8.0
Chin Bee 	0 	3.5
Chin Cheng 	0 	4.5
Chin Chew 	0 	4.0
Chin Hin 	0 	3.5
Chin Swee 	0 	4.0
Chin 	0 	4.0
China 	0 	5.0
Chinese 	0 	7.0
Chiselhurst 	0 	11.0
Chitty 	0 	6.0
Choa Chu Kang 	0 	3.66666666667
Chong Kuo 	0 	4.0
Choon Guan 	0 	4.5
Chu Lin 	0 	3.0
Chu Yen 	0 	3.0
Chuan 	0 	5.0
Chuan Hoe 	0 	4.0
Chuan 	0 	5.0
Chulia 	0 	6.0
Chun Tin 	0 	3.5
Church 	0 	6.0
Chwee Chian 	0 	5.0
Circuit 	0 	7.0
Circular 	0 	8.0
Clacton 	0 	7.0
Clarence 	0 	8.0
Clarke 	0 	6.0
Claymore 	0 	8.0
Clemenceau 	0 	10.0
Clementi 	0 	8.0
Clifton 	0 	7.0
Clive 	0 	5.0
Clover 	0 	6.0
Club 	0 	4.0
Clunny 	0 	6.0
Cluny 	0 	5.0
Cochrane 	0 	8.0
Colchester 	0 	10.0
Coldstream 	0 	10.0
Coleman 	0 	7.0
College 	0 	7.0
Collyer 	0 	7.0
Commonwealth 	0 	12.0
Compassvale 	0 	11.0
Coniston 	0 	8.0
Connaught 	0 	9.0
Conway 	0 	6.0
Cook 	0 	4.0
Cooling 	0 	7.0
Coral 	0 	5.0
Corfe 	0 	5.0
Cornwall 	0 	8.0
Coronation 	0 	10.0
Cosford 	0 	7.0
Cotswold 	0 	8.0
Cottesmore 	0 	10.0
Countryside 	0 	11.0
Court 	0 	5.0
Cove 	0 	4.0
Cowdray 	0 	7.0
Cox 	0 	3.0
Craig 	0 	5.0
Cranborne 	0 	9.0
Crane 	0 	5.0
Cranwell 	0 	8.0
Crawford 	0 	8.0
Crescent 	0 	8.0
Crichton 	0 	8.0
Cross 	0 	5.0
Croucher 	0 	8.0
Crowhurst 	0 	9.0
Cuff 	0 	4.0
Cumming 	0 	7.0
Cuppage 	0 	7.0
Cuscaden 	0 	8.0
Cypress 	0 	7.0
Cyprus 	0 	6.0
D'almeida 	0 	9.0
Da Silva 	0 	3.5
Daffodil 	0 	8.0
Dafne 	0 	5.0
Dahan 	0 	5.0
Dairy Farm 	0 	4.5
Daisy 	0 	5.0
Dakota 	0 	6.0
Dalhousie 	0 	9.0
Dalkeith 	0 	8.0
Dalvey 	0 	6.0
Davidson 	0 	8.0
Dawson 	0 	6.0
De Souza 	0 	3.5
Deal 	0 	4.0
Dedap 	0 	5.0
Defu 	0 	4.0
Delhi 	0 	5.0
Delta 	0 	5.0
Dempsey 	0 	7.0
Denham 	0 	6.0
Depot 	0 	5.0
Deptford 	0 	8.0
Derbyshire 	0 	10.0
Desker 	0 	6.0
Devonshire 	0 	10.0
Dickenson 	0 	9.0
Dickson 	0 	7.0
Dido 	0 	4.0
Digby 	0 	5.0
Din Pang 	0 	3.5
Dix 	0 	3.0
Dock 	0 	4.0
Dorset 	0 	6.0
Dover 	0 	5.0
Draycott 	0 	8.0
Dryburgh 	0 	8.0
Dublin 	0 	6.0
Duchess 	0 	7.0
Duke 	0 	4.0
Duke's 	0 	6.0
Duku 	0 	4.0
Dunbar 	0 	6.0
Dundee 	0 	6.0
Dunearn 	0 	7.0
Dunkirk 	0 	7.0
Dunlop 	0 	6.0
Dunman 	0 	6.0
Dunsfold 	0 	8.0
Durban 	0 	6.0
Durham 	0 	6.0
Duxton 	0 	6.0
Dyson 	0 	5.0
Ean Kiam 	0 	3.5
Church 	0 	6.0
Coast 	0 	5.0
Lagoon 	0 	6.0
Perimeter 	0 	9.0
Sussex 	0 	6.0
Eastern 	0 	7.0
Eastwood 	0 	8.0
Eaton 	0 	5.0
Eber 	0 	4.0
Eden 	0 	4.0
Edgware 	0 	7.0
Edinburgh 	0 	9.0
Ee Teow Leng 	0 	3.33333333333
Elias 	0 	5.0
Elite 	0 	5.0
Elizabeth 	0 	9.0
Ellenborough 	0 	12.0
Ellington 	0 	9.0
Elliot 	0 	6.0
Ellis 	0 	5.0
Elm 	0 	3.0
Emerald 	0 	7.0
Empress 	0 	7.0
Eng Hoon 	0 	3.5
Eng Kong 	0 	3.5
Eng Neo 	0 	3.0
Eng Watt 	0 	3.5
Enggor 	0 	6.0
Engineering 	0 	11.0
Engku Aman 	0 	4.5
Enterprise 	0 	10.0
Ernani 	0 	6.0
Erskine 	0 	7.0
Essex 	0 	5.0
Estate Office 	0 	6.0
Ettrick 	0 	7.0
Eu Chin 	0 	3.0
Eu Tong Sen 	0 	3.0
Eunos 	0 	5.0
Evans 	0 	5.0
Evelyn 	0 	6.0
Evergreen 	0 	9.0
Everitt 	0 	7.0
Everton 	0 	7.0
Ewart 	0 	5.0
Ewe Boon 	0 	3.5
Exeter 	0 	6.0
Expo 	0 	4.0
Faber 	0 	5.0
Faculty 	0 	7.0
Fair 	0 	4.0
Fairways 	0 	8.0
Fairy Point 	0 	5.0
Fajar 	0 	5.0
Falkland 	0 	8.0
Fan Yoong 	0 	4.0
Farleigh 	0 	8.0
Farnborough 	0 	11.0
Farrer 	0 	6.0
Fernhill 	0 	8.0
Fernwood 	0 	8.0
Fidelio 	0 	7.0
Fifth 	0 	5.0
Fifth Lok Yang 	0 	4.0
Figaro 	0 	6.0
Fiji 	0 	4.0
Finlayson 	0 	9.0
Fir 	0 	3.0
First 	0 	5.0
First Hospital 	0 	6.5
First Lok Yang 	0 	4.0
First 	0 	5.0
Fish Farm 	0 	4.0
Fisher 	0 	6.0
Fishery Port 	0 	5.5
Five Foot 	0 	4.0
Flanders 	0 	8.0
Flint 	0 	5.0
Flora 	0 	5.0
Florence 	0 	8.0
Florida 	0 	7.0
Florissa 	0 	8.0
Flower 	0 	6.0
Foch 	0 	4.0
Folkestone 	0 	10.0
Foo Kim Lin 	0 	3.0
Ford 	0 	4.0
Forfar 	0 	6.0
Fort Canning 	0 	5.5
Fort 	0 	4.0
Fourth 	0 	6.0
Fourth Chin Bee 	0 	4.33333333333
Fourth Lok Yang 	0 	4.33333333333
Fourth 	0 	6.0
Fowlie 	0 	6.0
Francis Thomas 	0 	6.5
Frankel 	0 	7.0
French 	0 	6.0
Fudu 	0 	4.0
Fullerton 	0 	9.0
Fulton 	0 	6.0
Galistan 	0 	8.0
Gallop 	0 	6.0
Gambas 	0 	6.0
Gambir 	0 	6.0
Ganges 	0 	6.0
Gangsa 	0 	6.0
Garage 	0 	6.0
Garden 	0 	6.0
Gardenia 	0 	8.0
Garlick 	0 	7.0
Gateway 	0 	7.0
Gek Poh 	0 	3.0
Gemmill 	0 	7.0
Genting 	0 	7.0
Gentle 	0 	6.0
George 	0 	6.0
Gerald 	0 	6.0
Geylang Bahru 	0 	6.0
Geylang 	0 	7.0
Geylang Serai 	0 	6.0
Geylang 	0 	7.0
Ghim Moh 	0 	3.5
Gibraltar 	0 	9.0
Gillman 	0 	7.0
Gilstead 	0 	8.0
Gladiola 	0 	8.0
Glasgow 	0 	7.0
Gloucester 	0 	10.0
Goldhill 	0 	8.0
Gombak 	0 	6.0
Goodlink 	0 	8.0
Goodman 	0 	7.0
Goodwood 	0 	8.0
Gopeng 	0 	6.0
Gordon 	0 	6.0
Gosport 	0 	7.0
Grace 	0 	5.0
Graham White 	0 	5.5
Grange 	0 	6.0
Gray 	0 	4.0
Green 	0 	5.0
Greenbank 	0 	9.0
Greendale 	0 	9.0
Greenfield 	0 	10.0
Greenleaf 	0 	9.0
Greenmead 	0 	9.0
Greenpark 	0 	9.0
Greenridge 	0 	10.0
Greenview 	0 	9.0
Greenwood 	0 	9.0
Grove 	0 	5.0
Guan Chuan 	0 	4.5
Guan Soon 	0 	4.0
Guillemard 	0 	10.0
Gul 	0 	3.0
Gulega 	0 	6.0
Gunner 	0 	6.0
Guok 	0 	4.0
Gymkhana 	0 	8.0
Hacienda 	0 	8.0
Hai Sing 	0 	3.5
Haig 	0 	4.0
Haigsville 	0 	10.0
Haji 	0 	4.0
Halifax 	0 	7.0
Halton 	0 	6.0
Hamilton 	0 	8.0
Hampshire 	0 	9.0
Hampstead 	0 	9.0
Handy 	0 	5.0
Happy 	0 	5.0
Harbour 	0 	7.0
Harding 	0 	7.0
Harlyn 	0 	6.0
Harper 	0 	6.0
Harrison 	0 	8.0
Hartley 	0 	7.0
Harvey 	0 	6.0
Hastings 	0 	8.0
Havelock 	0 	8.0
Hawkinge 	0 	8.0
Hay Market 	0 	4.5
Hazel 	0 	5.0
Hemmant 	0 	7.0
Hemsley 	0 	7.0
Henderson 	0 	9.0
Hendon 	0 	6.0
Hendry 	0 	6.0
Heng Mui Keng 	0 	3.66666666667
Hertford 	0 	8.0
High 	0 	4.0
Highgate 	0 	8.0
Highland 	0 	8.0
Hill 	0 	4.0
Hillcrest 	0 	9.0
Hillside 	0 	8.0
Hillview 	0 	8.0
Hindhede 	0 	8.0
Hindoo 	0 	6.0
Ho Ching 	0 	3.5
Hobart 	0 	6.0
Hoe Chiang 	0 	4.5
Hokien 	0 	6.0
Holland 	0 	7.0
Hollland 	0 	8.0
Holt 	0 	4.0
Hon Sui Sen 	0 	3.0
Hong Kah 	0 	3.5
Hong Lee 	0 	3.5
Hong San 	0 	3.5
Hongkong 	0 	8.0
Hooper 	0 	6.0
Hoot Kiam 	0 	4.0
Hornchurch 	0 	10.0
Horne 	0 	5.0
Horsham 	0 	7.0
Hospital 	0 	8.0
Hougang 	0 	7.0
How Sun 	0 	3.0
Howard 	0 	6.0
Hoy Fatt 	0 	3.5
Hu Ching 	0 	3.5
Hua Guan 	0 	3.5
Huddington 	0 	10.0
Hullet 	0 	6.0
Hume 	0 	4.0
Hun Yeang 	0 	4.0
Hyde 	0 	4.0
Hyderabad 	0 	9.0
Hylam 	0 	5.0
Hythe 	0 	5.0
Imbiah 	0 	6.0
Indus 	0 	5.0
Inner Temple 	0 	5.5
Institution 	0 	11.0
International Business 	0 	10.5
International 	0 	13.0
Ipoh 	0 	4.0
Iqbal 	0 	5.0
Ironside 	0 	8.0
Irrawaddy 	0 	9.0
Irving 	0 	6.0
Irwell 	0 	6.0
Island Club 	0 	5.0
Island 	0 	6.0
Istana 	0 	6.0
Jacaranda 	0 	9.0
Jago 	0 	4.0
Adat 	1 	4.0
Afifi 	1 	5.0
Ahmad Ibrahim 	1 	6.0
Ampang 	1 	6.0
Ampas 	1 	5.0
Anak Bukit 	1 	4.5
Anak Patong 	1 	5.0
Anggerek 	1 	8.0
Angin Laut 	1 	4.5
Angklong 	1 	8.0
Antoi 	1 	5.0
Arif 	1 	4.0
Arnap 	1 	5.0
Aruan 	1 	5.0
Asas 	1 	4.0
Asuhan 	1 	6.0
Awan 	1 	4.0
Awang 	1 	5.0
Ayer 	1 	4.0
Azam 	1 	4.0
Bahagia 	1 	7.0
Bahar 	1 	5.0
Bahasa 	1 	6.0
Bahtera 	1 	7.0
Baiduri 	1 	7.0
Bangau 	1 	6.0
Bangket 	1 	7.0
Bangsawan 	1 	9.0
Basong 	1 	6.0
Batai 	1 	5.0
Batalong 	1 	8.0
Batu 	1 	4.0
Batu Nilam 	1 	4.5
Belangkas 	1 	9.0
Belibas 	1 	7.0
Bena 	1 	4.0
Benaan Kapal 	1 	5.5
Beringin 	1 	8.0
Berjaya 	1 	7.0
Berseh 	1 	6.0
Berseri 	1 	7.0
Besar 	1 	5.0
Besut 	1 	5.0
Bilal 	1 	5.0
Binchang 	1 	8.0
Bingka 	1 	6.0
Binja 	1 	5.0
Bintang Tiga 	1 	5.5
Boon Lay 	1 	3.5
Bukit Ho Swee 	1 	3.66666666667
Bukit Merah 	1 	5.0
Buloh Perindu 	1 	6.0
Bumbong 	1 	7.0
Bunga Rampai 	1 	5.5
Bunga Raya 	1 	4.5
Bungar 	1 	6.0
Buroh 	1 	5.0
Chegar 	1 	6.0
Chelagi 	1 	7.0
Chempah 	1 	7.0
Chempaka Kuning 	1 	7.0
Chempaka Puteh 	1 	6.5
Chempedak 	1 	9.0
Chengam 	1 	7.0
Chengkek 	1 	8.0
Cherah 	1 	6.0
Chermai 	1 	7.0
Chermat 	1 	7.0
Cherpen 	1 	7.0
Chichau 	1 	7.0
Chorak 	1 	6.0
Chulek 	1 	6.0
Daliah 	1 	6.0
Damai 	1 	5.0
Datoh 	1 	5.0
Daud 	1 	4.0
Demak 	1 	5.0
Dermawan 	1 	8.0
Derum 	1 	5.0
Dinding 	1 	7.0
Dondang Sayang 	1 	6.5
Dua 	1 	3.0
Dusan 	1 	5.0
Elok 	1 	4.0
Emas Urai 	1 	4.0
Empat 	1 	5.0
Enam 	1 	4.0
Eunos 	1 	5.0
Gaharu 	1 	6.0
Gajus 	1 	5.0
Gali Batu 	1 	4.0
Gapis 	1 	5.0
Gelam 	1 	5.0
Gelegar 	1 	7.0
Gelenggang 	1 	10.0
Gemala 	1 	6.0
Gembira 	1 	7.0
Gendang 	1 	7.0
Geneng 	1 	6.0
Girang 	1 	6.0
Gotong Royong 	1 	6.0
Greja 	1 	5.0
Grisek 	1 	6.0
Gumilang 	1 	8.0
Haji Alias 	1 	4.5
Haji Salam 	1 	4.5
Hajijah 	1 	7.0
Hang Jebat 	1 	4.5
Hari Raya 	1 	4.0
Harom Setangkai 	1 	7.0
Harum 	1 	5.0
Hiboran 	1 	7.0
Hikayat 	1 	7.0
Hitam Manis 	1 	5.0
Hock Chye 	1 	4.0
Hussein 	1 	7.0
Hwi Yoh 	1 	3.0
Ibadat 	1 	6.0
Ikan Merah 	1 	4.5
Ilmu 	1 	4.0
Inggu 	1 	5.0
Insaf 	1 	5.0
Intan 	1 	5.0
Ishak 	1 	5.0
Ismail 	1 	6.0
Isnin 	1 	5.0
Istimewa 	1 	8.0
Jamal 	1 	5.0
Jambu Ayer 	1 	4.5
Jambu Batu 	1 	4.5
Jambu Mawar 	1 	5.0
Janggus 	1 	7.0
Jarak 	1 	5.0
Jati 	1 	4.0
Jelita 	1 	6.0
Jendela 	1 	7.0
Jentera 	1 	7.0
Jermin 	1 	6.0
Jeruju 	1 	6.0
Jintan 	1 	6.0
Jitong 	1 	6.0
Jong 	1 	4.0
Joran 	1 	5.0
Jurong Kechil 	1 	6.0
Kakatua 	1 	7.0
Kampong Chantek 	1 	7.0
Kampong Siglap 	1 	6.5
Kandis 	1 	6.0
Kapal 	1 	5.0
Kasau 	1 	5.0
Kathi 	1 	5.0
Kayu 	1 	4.0
Kayu Manis 	1 	4.5
Kebaya 	1 	6.0
Kebun Limau 	1 	5.0
Kechil 	1 	6.0
Kechot 	1 	6.0
Kechubong 	1 	9.0
Kelabu Asap 	1 	5.0
Kelawar 	1 	7.0
Kelempong 	1 	9.0
Keli 	1 	4.0
Kelichap 	1 	8.0
Kelulut 	1 	7.0
Kemajuan 	1 	8.0
Kemaman 	1 	7.0
Kembang Melati 	1 	6.5
Kembangan 	1 	9.0
Kemboja 	1 	7.0
Kemuning 	1 	8.0
Kenarah 	1 	7.0
Kerayong 	1 	8.0
Keria 	1 	5.0
Keris 	1 	5.0
Keruing 	1 	7.0
Kesoma 	1 	6.0
Ketuka 	1 	6.0
Ketumbit 	1 	8.0
Khairuddin 	1 	10.0
Khamis 	1 	6.0
Kilang 	1 	6.0
Kilang Barat 	1 	5.5
Kilang Timor 	1 	5.5
Klapa 	1 	5.0
Kledek 	1 	6.0
Klinik 	1 	6.0
Korban 	1 	6.0
Korma 	1 	5.0
Krian 	1 	5.0
Kuak 	1 	4.0
Kuang 	1 	5.0
Kubor 	1 	5.0
kukoh 	1 	5.0
Kumia 	1 	5.0
Kuning 	1 	6.0
Kupang 	1 	6.0
Kuras 	1 	5.0
Kwok Min 	1 	3.5
Labu Ayer 	1 	4.0
Labu Manis 	1 	4.5
Labu Merah 	1 	4.5
Labu Puteh 	1 	4.5
Lakum 	1 	5.0
Lam Huat 	1 	3.5
Lam Sam 	1 	3.0
Lana 	1 	4.0
Langgar Bedok 	1 	6.0
Lanjut 	1 	6.0
Lapang 	1 	6.0
Lateh 	1 	5.0
Layang Layang 	1 	6.0
Leban 	1 	5.0
Lebat Daun 	1 	4.5
Legundi 	1 	7.0
Lekar 	1 	5.0
Lekub 	1 	5.0
Lembah Bedok 	1 	5.5
Lembah Kallang 	1 	6.5
Lembah Thomson 	1 	6.5
Lempeng 	1 	7.0
Lengkok Sembawang 	1 	8.0
Lepas 	1 	5.0
Lim Tai See 	1 	3.0
Limau Balli 	1 	5.0
Limau Kasturi 	1 	6.0
Limau Manis 	1 	5.0
Limau Nipis 	1 	5.0
Limau Purut 	1 	5.0
Limbok 	1 	6.0
Lokam 	1 	5.0
Loyang Besar 	1 	5.5
Lye Kwee 	1 	3.5
Ma'mor 	1 	6.0
Machang 	1 	7.0
Mahir 	1 	5.0
Majapahit 	1 	9.0
Malu-Malu 	1 	9.0
Manis 	1 	5.0
Mariam 	1 	6.0
Mas Kuning 	1 	4.5
Mas Puteh 	1 	4.0
Mashhor 	1 	7.0
Masjid 	1 	6.0
Mastuli 	1 	7.0
Mat Jambol 	1 	4.5
Mata Ayer 	1 	4.0
Mawar 	1 	5.0
Mayaanam 	1 	8.0
Melati 	1 	6.0
Melor 	1 	5.0
Membina 	1 	7.0
Membina Barat 	1 	6.0
Mempurong 	1 	9.0
Menarong 	1 	8.0
Mendong 	1 	7.0
Mengkudu 	1 	8.0
Merah Saga 	1 	4.5
Merbok 	1 	6.0
Merdu 	1 	5.0
Merlimau 	1 	8.0
Mesin 	1 	5.0
Mesra 	1 	5.0
Minggu 	1 	6.0
Minyak 	1 	6.0
Muhibbah 	1 	8.0
Mulia 	1 	5.0
Murai 	1 	5.0
Mutiara 	1 	7.0
Naga Sari 	1 	4.0
Nam Seng 	1 	3.5
Naung 	1 	5.0
Nipah 	1 	5.0
Nira 	1 	4.0
Novena 	1 	6.0
Novena Barat 	1 	5.5
Novena Selatan 	1 	6.5
Novena Timor 	1 	5.5
Novena Utara 	1 	5.5
Nuri 	1 	4.0
Pacheli 	1 	7.0
Pakis 	1 	5.0
Pandan 	1 	6.0
Papan 	1 	5.0
Paras 	1 	5.0
Pari Burong 	1 	5.0
Pari Dedap 	1 	4.5
Pari Kikis 	1 	4.5
Pari Unak 	1 	4.0
Pasar Baru 	1 	4.5
Pasir Ria 	1 	4.0
Pasiran 	1 	7.0
Payoh Lai 	1 	4.0
Pelajau 	1 	7.0
Pelangi 	1 	7.0
Pelatina 	1 	8.0
Pelatok 	1 	7.0
Pelepah 	1 	7.0
Pelikat 	1 	7.0
Pemimpin 	1 	8.0
Penjara 	1 	7.0
Perahu 	1 	6.0
Pergam 	1 	6.0
Pernama 	1 	7.0
Pesawat 	1 	7.0
Piala 	1 	5.0
Pinang 	1 	6.0
Pintau 	1 	6.0
Piring 	1 	6.0
Pisang 	1 	6.0
Pokok Serunai 	1 	6.0
Punai 	1 	5.0
Puteh Jerneh 	1 	5.5
Puteh Jula Juli 	1 	4.33333333333
Puyoh 	1 	5.0
Quee Chew 	1 	4.0
Rabu 	1 	4.0
Rahmat 	1 	6.0
Raja Udang 	1 	4.5
Rajah 	1 	5.0
Rajawali 	1 	8.0
Rakit 	1 	5.0
Rama Rama 	1 	4.0
Rasok 	1 	5.0
Raya 	1 	4.0
Rebana 	1 	6.0
Redop 	1 	5.0
Remaja 	1 	6.0
Remis 	1 	5.0
Rendang 	1 	7.0
Rengas 	1 	6.0
Rengkam 	1 	7.0
Resak 	1 	5.0
Ria 	1 	3.0
Riang 	1 	5.0
Rimau 	1 	5.0
Rindu 	1 	5.0
Rukam 	1 	5.0
Rumah Tinggi 	1 	5.5
Rumbia 	1 	6.0
Rumia 	1 	5.0
Sabit 	1 	5.0
Sahabat 	1 	7.0
Sajak 	1 	5.0
Salang 	1 	6.0
Sam Kongsi 	1 	4.5
Samarinda 	1 	9.0
Sampurna 	1 	8.0
Samulun 	1 	7.0
Sankam 	1 	6.0
Sappan 	1 	6.0
Satu 	1 	4.0
Saudara Ku 	1 	4.5
Sayang 	1 	6.0
Seaview 	1 	7.0
Sedap 	1 	5.0
Segam 	1 	5.0
Seh Chuan 	1 	4.0
Sejarah 	1 	7.0
Selamat 	1 	7.0
Selanting 	1 	9.0
Selaseh 	1 	7.0
Selendang Delima 	1 	7.5
Selimang 	1 	8.0
Sembilang 	1 	9.0
Semerbak 	1 	8.0
Sempadan 	1 	8.0
Senandong 	1 	9.0
Senang 	1 	6.0
Sendudok 	1 	8.0
Seni 	1 	4.0
Sentosa 	1 	7.0
Senyum 	1 	6.0
Seranggong Kechil 	1 	8.0
Serene 	1 	6.0
Serengam 	1 	8.0
Seruling 	1 	8.0
Setia 	1 	5.0
Shaer 	1 	5.0
Siantan 	1 	7.0
Siap 	1 	4.0
Sikudangan 	1 	10.0
Simpang Bedok 	1 	6.0
Sinar Bintang 	1 	6.0
Sinar Bulan 	1 	5.0
Sindor 	1 	6.0
Singa 	1 	5.0
Songket 	1 	7.0
Soo Bee 	1 	3.0
Sotong 	1 	6.0
Suasa 	1 	5.0
Suka 	1 	4.0
Sukachita 	1 	9.0
Sultan 	1 	6.0
Sungei 	1 	6.0
Sungei Belang 	1 	6.0
Sungei Poyan 	1 	5.5
Surau 	1 	5.0
Taman 	1 	5.0
Tamban 	1 	6.0
Tambur 	1 	6.0
Tampang 	1 	7.0
Tan Tock Seng 	1 	3.66666666667
Tanah Puteh 	1 	5.0
Tanah Rata 	1 	4.5
Tani 	1 	4.0
Tanjong 	1 	7.0
Tapisan 	1 	7.0
Tari Dulang 	1 	5.0
Tari Lilin 	1 	4.5
Tari Payong 	1 	5.0
Tari Piring 	1 	5.0
Tari Serimpi 	1 	5.5
Tari Zapin 	1 	4.5
Tarum 	1 	5.0
Teban 	1 	5.0
Teck Kee 	1 	3.5
Teck Whye 	1 	4.0
Tekad 	1 	5.0
Tekukor 	1 	7.0
Telang 	1 	6.0
Telawi 	1 	6.0
Telipok 	1 	7.0
Teliti 	1 	6.0
Tembusu 	1 	7.0
Tempua 	1 	6.0
Tenaga 	1 	6.0
Tenang 	1 	6.0
Tenggiri 	1 	8.0
Tenon 	1 	5.0
Tenteram 	1 	8.0
Tepong 	1 	6.0
Terang Bulan 	1 	5.5
Terap 	1 	5.0
Terentang 	1 	9.0
Terubok 	1 	7.0
Terusan 	1 	7.0
Tiga 	1 	4.0
Tiga Ratus 	1 	4.5
Tiong 	1 	5.0
Toa Payoh 	1 	4.0
Todak 	1 	5.0
Tua Kong 	1 	3.5
Tukang 	1 	6.0
Tumpu 	1 	5.0
Tupai 	1 	5.0
Turi 	1 	4.0
Ubi 	1 	3.0
Uji 	1 	3.0
Ulu Seletar 	1 	5.0
Ulu Sembawang 	1 	6.0
Ulu Siglap 	1 	4.5
Unggas 	1 	6.0
Usaha 	1 	5.0
Wajek 	1 	5.0
Wak Selat 	1 	4.0
Wakaff 	1 	6.0
Wangi 	1 	5.0
Waringin 	1 	8.0
Woodbridge 	1 	10.0
Yasin 	1 	5.0
Zamrud 	1 	6.0
Jambol 	0 	6.0
Jansen 	0 	6.0
Japanese 	0 	8.0
Jasmine 	0 	7.0
Java 	0 	4.0
Jedburgh 	0 	8.0
Jelapang 	0 	8.0
Jelebu 	0 	6.0
Jellicoe 	0 	8.0
Jervois 	0 	7.0
Jetty 	0 	5.0
Jiak Chuan 	0 	4.5
Jiak Kim 	0 	3.5
Joan 	0 	4.0
John 	0 	4.0
Johore 	0 	6.0
Joo 	0 	3.0
Joo Chiat 	0 	4.0
Joo Hong 	0 	3.5
Joo Koon 	0 	3.5
Joo Seng 	0 	3.5
Joo Yee 	0 	3.0
Joon Hiang 	0 	4.5
Jubilee 	0 	7.0
Jupiter 	0 	7.0
Jurong 	0 	6.0
Jurong Pier 	0 	5.0
Jurong Port 	0 	5.0
Jurong 	0 	6.0
Jurong Town Hall 	0 	4.66666666667
Jurong 	0 	6.0
Kadayanallur 	0 	12.0
Kaki Bukit 	0 	4.5
Kalidasa 	0 	8.0
Kallang 	0 	7.0
Kallang Bahru 	0 	6.0
Kallang 	0 	7.0
Kallang Pudding 	0 	7.0
Kallang 	0 	7.0
Kallang Tengah 	0 	6.5
Kallang 	0 	7.0
Kampong Ampat 	0 	6.0
Kampong Arang 	0 	6.0
Kampong Bahru 	0 	6.0
Kampong Bugis 	0 	6.0
Kampong Eunos 	0 	6.0
Kampong Java 	0 	5.5
Kampong Kapor 	0 	6.0
Kampong Kayu 	0 	5.5
Kampong Sireh 	0 	6.0
Kampong Wak Hassan 	0 	5.33333333333
Kandahar 	0 	8.0
Kang Ching 	0 	4.5
Kang Choo Bin 	0 	3.66666666667
Kanisha Marican 	0 	7.0
Karikal 	0 	7.0
Kasai 	0 	5.0
Katmandu 	0 	8.0
Kay Poh 	0 	3.0
Kay Siang 	0 	4.0
Kee Choe 	0 	3.5
Kee Seng 	0 	3.5
Kee Sun 	0 	3.0
Kelantan 	0 	8.0
Kellock 	0 	7.0
Kelopak 	0 	7.0
Kelulut 	0 	7.0
Kempas 	0 	6.0
Kenanga 	0 	7.0
Keng Cheow 	0 	4.5
Keng Chin 	0 	4.0
Keng Kiat 	0 	4.0
Keng Lee 	0 	3.5
Kensington 	0 	10.0
Kent 	0 	4.0
Kenya 	0 	5.0
Keong Saik 	0 	4.5
Keppel 	0 	6.0
Keramat 	0 	7.0
Kerbau 	0 	6.0
Keris 	0 	5.0
Kew 	0 	3.0
Khalsa 	0 	6.0
Kheam Hock 	0 	4.5
Khiang Guan 	0 	5.0
Kian Teck 	0 	4.0
Killiney 	0 	8.0
Kim Cheng 	0 	4.0
Kim Chuan 	0 	4.0
Kim Keat 	0 	3.5
Kim Pong 	0 	3.5
Kim Seng 	0 	3.5
Kim Tian 	0 	3.5
Kim Yam 	0 	3.0
King Albert 	0 	5.0
King George's 	0 	6.0
King's 	0 	6.0
Kingsmead 	0 	9.0
Kingswear 	0 	9.0
Kinta 	0 	5.0
Kirk 	0 	4.0
Kismis 	0 	6.0
Kitchener 	0 	9.0
Klang 	0 	5.0
Kloof 	0 	5.0
Knights 	0 	7.0
Koek 	0 	4.0
Koh Sek Lim 	0 	3.0
Koon Seng 	0 	4.0
Kovan 	0 	5.0
Kramat 	0 	6.0
Kranji 	0 	6.0
Kreta Ayer 	0 	4.5
Kuala Loyang 	0 	5.5
Kung Chong 	0 	4.5
Kuo Chuan 	0 	4.0
Kurau 	0 	5.0
Kwong 	0 	5.0
Kwong Min 	0 	4.0
La Salle 	0 	3.5
Labrador Villa 	0 	6.5
Lady 	0 	4.0
Lagos 	0 	5.0
Laguna Golf 	0 	5.0
Lakepoint 	0 	9.0
Lakeshore 	0 	9.0
Lakme 	0 	5.0
Lambeth 	0 	7.0
Lancaster 	0 	9.0
Lange 	0 	5.0
Langsat 	0 	7.0
Lantana 	0 	7.0
Larkhill 	0 	8.0
Larut 	0 	5.0
Lasia 	0 	5.0
Lavender 	0 	8.0
Law 	0 	3.0
Leedon 	0 	6.0
Leicester 	0 	9.0
Leith 	0 	5.0
Lembu 	0 	5.0
Lemon 	0 	5.0
Lempeng 	0 	7.0
Leng Kee 	0 	3.5
Angsa 	1 	5.0
Bahru 	1 	5.0
Dua 	1 	3.0
Empat 	1 	5.0
Enam 	1 	4.0
Lima 	1 	4.0
Mariam 	1 	6.0
Merak 	1 	5.0
Saga 	1 	4.0
Satu 	1 	4.0
Tiga 	1 	4.0
Tujoh 	1 	5.0
Lentor 	0 	6.0
Leo 	0 	3.0
Leonie 	0 	6.0
Lermit 	0 	6.0
Leuchars 	0 	8.0
Lew Lian 	0 	3.5
Lewin 	0 	5.0
Lewis 	0 	5.0
Leyden 	0 	6.0
Li Hwan 	0 	3.0
Li Po 	0 	2.0
Liane 	0 	5.0
Liang Seah 	0 	4.5
Libra 	0 	5.0
Lichfield 	0 	9.0
Lichi 	0 	5.0
Lighthouse 	0 	10.0
Lilac 	0 	5.0
Lily 	0 	4.0
Lim Ah Pin 	0 	2.66666666667
Lim Ah Woo 	0 	2.66666666667
Lim Chu Kang 	0 	3.33333333333
Lim Liak 	0 	3.5
Lim Tai See 	0 	3.0
Lim Teck Boo 	0 	3.33333333333
Lim Teck Kim 	0 	3.33333333333
Lim Tua Tow 	0 	3.0
Limau 	0 	5.0
Lincoln 	0 	7.0
Linden 	0 	6.0
Link 	0 	4.0
Little India 	0 	5.5
Little 	0 	6.0
Liu Fang 	0 	3.5
Lloyd 	0 	5.0
Lock 	0 	4.0
Loewen 	0 	6.0
Lok Yang 	0 	3.5
Loke Yew 	0 	3.5
Lompang 	0 	7.0
Lornie 	0 	6.0
Geylang 	1 	7.0
Lorong Realty 	0 	6.0
Toa Payoh 	1 	4.0
Geylang 	1 	7.0
Changi 	1 	6.0
Geylang 	1 	7.0
Changi 	1 	6.0
Geylang 	1 	7.0
Toa Payoh 	1 	4.0
Lorong Realty 	0 	6.0
Toa Payoh 	1 	4.0
Geylang 	1 	7.0
Lorong Realty 	0 	6.0
Toa Payoh 	1 	4.0
Geylang 	1 	7.0
Lorong Realty 	0 	6.0
Toa Payoh 	1 	4.0
Geylang 	1 	7.0
Lorong Realty 	0 	6.0
Toa Payoh 	1 	4.0
Geylang 	1 	7.0
Lorong Realty 	0 	6.0
Toa Payoh 	1 	4.0
Geylang 	1 	7.0
Lorong Realty 	0 	6.0
Toa Payoh 	1 	4.0
Geylang 	1 	7.0
Toa Payoh 	1 	4.0
Geylang 	1 	7.0
Abu Talib 	1 	4.0
Ah Soo 	1 	2.5
Ah Thia 	1 	3.0
Ampas 	1 	5.0
Asrama 	1 	6.0
Ayam Hutan 	1 	4.5
Ayam Katek 	1 	4.5
Bachok 	1 	6.0
Bakar Batu 	1 	4.5
Baling 	1 	6.0
Bandang 	1 	7.0
Batawi 	1 	6.0
Bekukong 	1 	8.0
Bengkok 	1 	7.0
Biawak 	1 	6.0
Buang Kok 	1 	4.0
Bunga 	1 	5.0
Chamar 	1 	6.0
Chencharu 	1 	9.0
Chengai 	1 	7.0
Chuan 	1 	5.0
Chuntum 	1 	7.0
Danau 	1 	5.0
Dangai 	1 	6.0
Telok Kurau 	1 	5.0
Gambas 	1 	6.0
Gambir 	1 	6.0
Gimbul 	1 	6.0
Telok Kurau 	1 	5.0
Halus 	1 	5.0
Halwa 	1 	5.0
Handalan 	1 	8.0
How Sun 	1 	3.0
Telok Kurau 	1 	5.0
Kabong 	1 	6.0
Kebasi 	1 	6.0
Kembagan 	1 	8.0
Kembang 	1 	7.0
Kemunchup 	1 	9.0
Kerepek 	1 	7.0
Kesudian 	1 	8.0
Kesum 	1 	5.0
Kilat 	1 	5.0
Kismis 	1 	6.0
Telok Kurau 	1 	5.0
Lada Hitam 	1 	4.5
Lada Merah 	1 	4.5
Lada Pati 	1 	4.0
Lew Lian 	1 	3.5
Limau 	1 	5.0
Liput 	1 	5.0
Low Koon 	1 	3.5
Telok Kurau 	1 	5.0
Malai 	1 	5.0
Mambong 	1 	7.0
Marican 	1 	7.0
Marzuki 	1 	7.0
Mega 	1 	4.0
Melayu 	1 	6.0
Melukut 	1 	7.0
Mydin 	1 	5.0
Telok Kurau 	1 	5.0
Nangka 	1 	6.0
Napiri 	1 	6.0
Ong Lye 	1 	3.0
Panchar 	1 	7.0
Pasu 	1 	4.0
Paya Lebar 	1 	4.5
Payah 	1 	5.0
Penchalak 	1 	9.0
Pendek 	1 	6.0
Pisang Asam 	1 	5.0
Pisang Batu 	1 	5.0
Pisang Emas 	1 	5.0
Pisang Hijau 	1 	5.5
Pisang Raja 	1 	5.0
Pisang Udang 	1 	5.5
Puntong 	1 	7.0
Rusuk 	1 	5.0
Sahad 	1 	5.0
Salleh 	1 	6.0
Samak 	1 	5.0
Sari 	1 	4.0
Sarina 	1 	6.0
Selangat 	1 	8.0
Semangka 	1 	8.0
Serambi 	1 	7.0
Sesuai 	1 	6.0
Siglap 	1 	6.0
Sinaran 	1 	7.0
Sireh Pinang 	1 	5.5
Stangee 	1 	7.0
Tahar 	1 	5.0
Tai Seng 	1 	3.5
Tanggam 	1 	7.0
Tawas 	1 	5.0
Telok 	1 	5.0
Temechut 	1 	8.0
Terigu 	1 	6.0
Tongkol 	1 	7.0
Tukang Dua 	1 	4.5
Tukang Empat 	1 	5.5
Tukang Lima 	1 	5.0
Tukang Satu 	1 	5.0
Tukang Tiga 	1 	5.0
Tukol 	1 	5.0
Lothian 	0 	7.0
Lotus 	0 	5.0
Lower Delta 	0 	5.0
Lower Kent 	0 	4.5
Lower 	0 	5.0
Lowland 	0 	7.0
Loyang 	0 	6.0
Loyang Besar 	0 	5.5
Loyang 	0 	6.0
Lucky 	0 	5.0
Ludlow 	0 	6.0
Lutheran 	0 	8.0
Lyndhurst 	0 	9.0
Lynwood 	0 	7.0
MacAlister 	0 	10.0
MacKenzie 	0 	9.0
MacKerrow 	0 	9.0
MacPherson 	0 	10.0
MacTaggart 	0 	10.0
Madras 	0 	6.0
Magazine 	0 	8.0
Maida 	0 	5.0
Maidstone 	0 	9.0
Main 	0 	4.0
Maju 	0 	4.0
Makepeace 	0 	9.0
Makeway 	0 	7.0
Malabar 	0 	7.0
Malacca 	0 	7.0
Malan 	0 	5.0
Malcolm 	0 	7.0
Malta 	0 	5.0
Mandai 	0 	6.0
Mandai Lake 	0 	5.0
Mandai 	0 	6.0
Mandalay 	0 	8.0
Mangis 	0 	6.0
Manila 	0 	6.0
Manston 	0 	7.0
Maple 	0 	5.0
Mar Thoma 	0 	4.0
Marang 	0 	6.0
Maranta 	0 	7.0
Margaret 	0 	8.0
Margate 	0 	7.0
Margoliouth 	0 	11.0
Maria 	0 	5.0
Mariam 	0 	6.0
Marigold 	0 	8.0
Marina Bay 	0 	4.5
Marina 	0 	6.0
Marina Coastal 	0 	6.5
Marina 	0 	6.0
Marina Station 	0 	6.5
Marina 	0 	6.0
Marine 	0 	6.0
Marine Parade 	0 	6.0
Marine 	0 	6.0
Maritime 	0 	8.0
Market 	0 	6.0
Marlene 	0 	7.0
Marne 	0 	5.0
Marshall 	0 	8.0
Marsiling 	0 	9.0
Martaban 	0 	8.0
Martia 	0 	6.0
Martin 	0 	6.0
Martlesham 	0 	10.0
Maryland 	0 	8.0
Marymount 	0 	9.0
Mata 	0 	4.0
Matlock 	0 	7.0
Mattar 	0 	6.0
Maude 	0 	5.0
Maxwell 	0 	7.0
May 	0 	3.0
Mayfield 	0 	8.0
Mayflower 	0 	9.0
Mayne 	0 	5.0
Mayo 	0 	4.0
McCallum 	0 	8.0
McNair 	0 	6.0
Medical 	0 	7.0
Medway 	0 	6.0
Mei Chin 	0 	3.5
Mei Hwan 	0 	3.5
Melrose 	0 	7.0
Meng Suan 	0 	4.0
Meragi 	0 	6.0
Merbau 	0 	6.0
Merbok 	0 	6.0
Merchant 	0 	8.0
Mergui 	0 	6.0
Merino 	0 	6.0
Merpati 	0 	7.0
Merryn 	0 	6.0
Metropole 	0 	9.0
Meyappa Chettiar 	0 	7.5
Meyer 	0 	5.0
Middle 	0 	6.0
Middlesex 	0 	9.0
Miller 	0 	6.0
Mimosa 	0 	6.0
Minbu 	0 	5.0
Minden 	0 	6.0
Ming Teck 	0 	4.0
Minto 	0 	5.0
Mistri 	0 	6.0
Moh Guan 	0 	3.5
Mohamad Ali 	0 	5.0
Mohamad Sultan 	0 	6.5
Monk's 	0 	6.0
Montreal 	0 	8.0
Moon 	0 	4.0
Moonbeam 	0 	8.0
Moonstone 	0 	9.0
Moreton 	0 	7.0
Mornington 	0 	10.0
Morley 	0 	6.0
Morse 	0 	5.0
Mosque 	0 	6.0
Moulmein 	0 	8.0
Mount Echo 	0 	4.5
Mount Elizabeth 	0 	7.0
Mount Emily 	0 	5.0
Mount Faber 	0 	5.0
Mount Pleasant 	0 	6.5
Mount Rosie 	0 	5.0
Mount Sinai 	0 	5.0
Mount Sophia 	0 	5.5
Mount Vernon 	0 	5.5
Mountbatten 	0 	11.0
Mugliston 	0 	9.0
Mulberry 	0 	8.0
Munshi Abdullah 	0 	7.0
Murai 	0 	5.0
Murray 	0 	6.0
Muscat 	0 	6.0
Muswell 	0 	7.0
Muthuraman Chetty 	0 	8.0
Nallur 	0 	6.0
Namly 	0 	5.0
Nankin 	0 	6.0
Nanson 	0 	6.0
Nanyang 	0 	7.0
Napier 	0 	6.0
Narayanan Chetty 	0 	7.5
Narooma 	0 	7.0
Nassim 	0 	6.0
Nathan 	0 	6.0
Nee Soon 	0 	3.5
Neil 	0 	4.0
Nemesu 	0 	6.0
Neo Pee Teck 	0 	3.33333333333
Neo Tiew 	0 	3.5
Neram 	0 	5.0
Netheravon 	0 	10.0
New 	0 	3.0
New Bugis 	0 	4.0
New 	0 	3.0
New Loyang 	0 	4.5
New Market 	0 	4.5
New Changi 	0 	4.5
Newton 	0 	6.0
Neythal 	0 	7.0
Nicoll 	0 	6.0
Nile 	0 	4.0
Nim 	0 	3.0
Niven 	0 	5.0
Noordin 	0 	7.0
Norfolk 	0 	7.0
Norma 	0 	5.0
Normanton 	0 	9.0
Norris 	0 	6.0
Boat 	0 	4.0
Bridge 	0 	6.0
Buona 	0 	5.0
Canal 	0 	5.0
Perimeter 	0 	9.0
Road 	0 	4.0
Woodlands 	0 	9.0
Northolt 	0 	8.0
Northumberland 	0 	14.0
Northwood 	0 	9.0
Novena 	0 	6.0
Nutmeg 	0 	6.0
Oak 	0 	3.0
Oakwood 	0 	7.0
Ocean 	0 	5.0
Oei Tiong Ham 	0 	3.66666666667
Office 	0 	6.0
Airport 	0 	7.0
Birdcage 	0 	8.0
Jurong 	0 	6.0
Lim Chu Kang 	0 	3.33333333333
Middle 	0 	6.0
Nelson 	0 	6.0
Pier 	0 	4.0
Sarum 	0 	5.0
Tampines 	0 	8.0
Toh Tuck 	0 	3.5
Thomson 	0 	7.0
Yio Chu Kang 	0 	3.33333333333
Oldham 	0 	6.0
Olive 	0 	5.0
Omar Khayyam 	0 	5.5
Onan 	0 	4.0
One Tree 	0 	3.5
Onraet 	0 	6.0
Ontario 	0 	7.0
Opal 	0 	4.0
Ophir 	0 	5.0
Orange 	0 	6.0
Orchard 	0 	7.0
Orchard Spring 	0 	6.5
Orchard 	0 	7.0
Orchid Club 	0 	5.0
Orchid 	0 	6.0
Ord 	0 	3.0
Oriole 	0 	6.0
Ottawa 	0 	6.0
Outram 	0 	6.0
Owen 	0 	4.0
Oxford 	0 	6.0
Oxley 	0 	5.0
Padang Chancery 	0 	7.0
Padang Jeringau 	0 	7.0
Pagoda 	0 	6.0
Pahang 	0 	6.0
Pakistan 	0 	8.0
Palm 	0 	4.0
Palmer 	0 	6.0
Pandan 	0 	6.0
Pang Seng 	0 	4.0
Paradise 	0 	8.0
Paranakan 	0 	9.0
Parbury 	0 	7.0
Park 	0 	4.0
Park Villas 	0 	5.0
Parkstone 	0 	9.0
Parliament 	0 	10.0
Parry 	0 	5.0
Parsi 	0 	5.0
Pasar 	0 	5.0
Pasir Laba 	0 	4.5
Pasir Panjang 	0 	6.0
Pasir Panjang RoadView 	0 	6.66666666667
Pasir Panjang 	0 	6.0
Pasir Ris 	0 	4.0
Paterson 	0 	8.0
Paya Lebar 	0 	4.5
Peach 	0 	5.0
Peakville 	0 	9.0
Pearl 	0 	5.0
Pearl's 	0 	7.0
Pebble 	0 	6.0
Peck Hay 	0 	3.5
Peck Seah 	0 	4.0
Peel 	0 	4.0
Pegu 	0 	4.0
Pei Wah 	0 	3.0
Peirce 	0 	6.0
Pekin 	0 	5.0
Pemimpin 	0 	8.0
Penang 	0 	6.0
Pender 	0 	6.0
Pending 	0 	7.0
Peng Nguan 	0 	4.5
Penhas 	0 	6.0
Penjuru 	0 	7.0
Pennefather 	0 	11.0
Penshurst 	0 	9.0
Pepys 	0 	5.0
Perak 	0 	5.0
Percival 	0 	8.0
Pereira 	0 	7.0
Perumal 	0 	7.0
Pesari 	0 	6.0
Petain 	0 	6.0
Petir 	0 	5.0
Pheng Geck 	0 	4.5
Philip 	0 	6.0
Phillips 	0 	8.0
Phoenix 	0 	7.0
Piccadilly 	0 	10.0
Pickering 	0 	9.0
Pillai 	0 	6.0
Pine 	0 	4.0
Pinewood 	0 	8.0
Pioneer 	0 	7.0
Pipit 	0 	5.0
Pitt 	0 	4.0
Plantation 	0 	10.0
Platina 	0 	7.0
Playfair 	0 	8.0
Plumer 	0 	6.0
Plymouth 	0 	8.0
Poh Huat 	0 	3.5
Ponggol 	0 	7.0
Poole 	0 	5.0
Port 	0 	4.0
Portchester 	0 	11.0
Portsdown 	0 	9.0
Potong Pasir 	0 	5.5
Preston 	0 	7.0
Primrose 	0 	8.0
Prince Charles 	0 	6.5
Prince Edward 	0 	6.0
Prince George's 	0 	7.0
Prince of Wales 	0 	4.33333333333
Prince Philip 	0 	6.0
Prince 	0 	6.0
Prinsep 	0 	7.0
Prome 	0 	5.0
Puay Hee 	0 	3.5
Pulasan 	0 	7.0
Punggol Port 	0 	5.5
Punggol 	0 	7.0
Purvis 	0 	6.0
Quality 	0 	7.0
Queen Astrid 	0 	5.5
Queen Elizabeth 	0 	7.0
Queen 	0 	5.0
Queen's 	0 	7.0
Queen's Row 	0 	5.0
Queensway 	0 	9.0
Quemoy 	0 	6.0
Race Course 	0 	5.0
Raeburn 	0 	7.0
Raffles 	0 	7.0
Raffles Institution 	0 	9.0
Raffles 	0 	7.0
Raglan 	0 	6.0
Rambai 	0 	6.0
Rambau 	0 	6.0
Rambutan 	0 	8.0
Ramsgate 	0 	8.0
Rangoon 	0 	7.0
Ratus 	0 	5.0
Read 	0 	4.0
Rebecca 	0 	7.0
Recreation 	0 	10.0
Redhill 	0 	7.0
Redwood 	0 	7.0
Refinery 	0 	8.0
Regent 	0 	6.0
Republic 	0 	8.0
Reservoir 	0 	9.0
Rhu 	0 	3.0
Richards 	0 	8.0
Ridgewood 	0 	9.0
Ridley 	0 	6.0
Ridout 	0 	6.0
Rienzi 	0 	6.0
Rifle Range 	0 	5.0
Ring 	0 	4.0
Ringwood 	0 	8.0
Ripley 	0 	6.0
River 	0 	5.0
Riverina 	0 	8.0
Riverside 	0 	9.0
Riviera 	0 	7.0
Roberts 	0 	7.0
Robertson 	0 	9.0
Robey 	0 	5.0
Robin 	0 	5.0
Robinson 	0 	8.0
Rochalie 	0 	8.0
Rochdale 	0 	8.0
Rochester 	0 	9.0
Rochor Canal 	0 	5.5
Rochor 	0 	6.0
Rodyk 	0 	5.0
Rose 	0 	4.0
Roseburn 	0 	8.0
Rosewood 	0 	8.0
Ross 	0 	4.0
Rosyth 	0 	6.0
Rotan 	0 	5.0
Rowell 	0 	6.0
Royal 	0 	5.0
Ruby 	0 	4.0
Russels 	0 	7.0
Rutland 	0 	7.0
Sago 	0 	4.0
Saiboo 	0 	6.0
Sakra 	0 	5.0
Salam 	0 	5.0
Sallim 	0 	6.0
Sam Leong 	0 	4.0
Sampan 	0 	6.0
Sandilands 	0 	10.0
Sandown 	0 	7.0
Sandwich 	0 	8.0
Sandy 	0 	5.0
Saraca 	0 	6.0
Sarkies 	0 	7.0
Saujana 	0 	7.0
Saunders 	0 	8.0
Science 	0 	7.0
Scotts 	0 	6.0
Sea 	0 	3.0
Sea Breeze 	0 	4.5
Seagull 	0 	7.0
Seah Im 	0 	3.0
Seah 	0 	4.0
Sealand 	0 	7.0
Second 	0 	6.0
Second Chin Bee 	0 	4.33333333333
Second Hospital 	0 	7.0
Second Lok Yang 	0 	4.33333333333
Second 	0 	6.0
Selarang 	0 	8.0
Selegie 	0 	7.0
Seletar 	0 	7.0
Seletar Club 	0 	5.5
Seletar 	0 	7.0
Seletar Hills 	0 	6.0
Seletar 	0 	7.0
Seletar Satellite Station 	0 	7.66666666667
Seletar 	0 	7.0
Sembawang 	0 	9.0
Sembawang Hills 	0 	7.0
Sembawang 	0 	9.0
Sembong 	0 	7.0
Senang 	0 	6.0
Seng Poh 	0 	3.5
Sengkang 	0 	8.0
Senja 	0 	5.0
Sennett 	0 	7.0
Senoko 	0 	6.0
Sentosa 	0 	7.0
Serangoon 	0 	9.0
Serapong Course 	0 	7.0
Serapong 	0 	8.0
Seraya 	0 	6.0
Serenade 	0 	8.0
Seton 	0 	5.0
Shamah 	0 	6.0
Shan 	0 	4.0
Shanghai 	0 	8.0
Shangri-La 	0 	10.0
Shaw 	0 	4.0
Shelford 	0 	8.0
Shenton 	0 	7.0
Shepherd's 	0 	10.0
Sherwood 	0 	8.0
Shipyard 	0 	8.0
Short 	0 	5.0
Shrewsbury 	0 	10.0
Shunfu 	0 	6.0
Siak Kew 	0 	3.5
Sian Tuan 	0 	4.0
Siang Kuang 	0 	5.0
Siang Lim 	0 	4.0
Siglap 	0 	6.0
Silat 	0 	5.0
Silosa 	0 	6.0
Siloso 	0 	6.0
Sime 	0 	4.0
Simei 	0 	5.0
Simon 	0 	5.0
Sims 	0 	4.0
Sin Ming 	0 	3.5
Sing 	0 	4.0
Sing Joo 	0 	3.5
Siok Wan 	0 	3.5
Sirat 	0 	5.0
Sit Wah 	0 	3.0
Sixth 	0 	5.0
Sixth Lok Yang 	0 	4.0
Smith 	0 	5.0
Solomon 	0 	7.0
Somerset 	0 	8.0
Somme 	0 	5.0
Sommerville 	0 	11.0
Soo Chow 	0 	3.5
Soon Lee 	0 	3.5
Soon Wing 	0 	4.0
Sophia 	0 	6.0
Bridge 	0 	6.0
Buona 	0 	5.0
Canal 	0 	5.0
Perimeter 	0 	9.0
Woodlands 	0 	9.0
Spooner 	0 	7.0
Sports 	0 	6.0
Spottiswoode 	0 	12.0
Spring 	0 	6.0
Springleaf 	0 	10.0
Springside 	0 	10.0
Springwood 	0 	10.0
St. Andrew's 	0 	5.5
St. Anne's 	0 	4.5
St. Barnabas 	0 	5.5
St. Francis 	0 	5.0
St. George's 	0 	5.5
St. Gregory's 	0 	6.0
St. Helena 	0 	4.5
St. Helier's 	0 	5.5
St. John's 	0 	4.5
St. Margaret's 	0 	6.5
St. Martin's 	0 	5.5
St. Michael's 	0 	6.0
St. Nicholas 	0 	5.5
St. Patrick's 	0 	6.0
St. Thomas 	0 	4.5
St. Wilfred 	0 	5.0
St. Xavier's 	0 	5.5
Stadium 	0 	7.0
Stagmont 	0 	8.0
Stamford 	0 	8.0
Stangee 	0 	7.0
Stanley 	0 	7.0
Starlight 	0 	9.0
Stephen Lee 	0 	5.0
Stevens 	0 	7.0
Still 	0 	5.0
Stirling 	0 	8.0
Stockport 	0 	9.0
Stokesay 	0 	8.0
Stone 	0 	5.0
Stores 	0 	6.0
Strathmore 	0 	10.0
Stratton 	0 	8.0
Students 	0 	8.0
Sturdee 	0 	7.0
Sudan 	0 	5.0
Suffolk 	0 	7.0
Sultan 	0 	6.0
Sum Wah Chee 	0 	3.33333333333
Summer 	0 	6.0
Sunbird 	0 	7.0
Sundrige 	0 	8.0
Sungei Gedong 	0 	6.0
Sungei Kadut 	0 	5.5
Sungei 	0 	6.0
Sungei Tengah 	0 	6.0
Sunrise 	0 	7.0
Sunrise Villa 	0 	6.0
Sunrise 	0 	7.0
Sunset 	0 	6.0
Sunshine 	0 	8.0
Surin 	0 	5.0
Surrey 	0 	6.0
Sussex 	0 	6.0
Swallow 	0 	7.0
Swan Lake 	0 	4.0
Swanage 	0 	7.0
Swettenham 	0 	10.0
Swiss Club 	0 	4.5
Swiss Cottage 	0 	6.0
Swiss 	0 	5.0
Syed Alwi 	0 	4.0
Synagogue 	0 	9.0
Tagore 	0 	6.0
Tah Ching 	0 	4.0
Tai Gin 	0 	3.0
Tai Hwan 	0 	3.5
Tai Keng 	0 	3.5
Tai Seng 	0 	3.5
Tai Thong 	0 	4.0
Tai Yuan 	0 	3.5
Talma 	0 	5.0
Bedok 	1 	5.0
Ho Swee 	1 	3.0
Kembangan 	1 	9.0
Mas Merah 	1 	4.0
Nakhoda 	1 	7.0
Permata 	1 	7.0
Selamat 	1 	7.0
Siglap 	1 	6.0
Sireh 	1 	5.0
Warna 	1 	5.0
Tamarind 	0 	8.0
Tampines 	0 	8.0
Tan Boon Chong 	0 	4.0
Tan Kim Cheng 	0 	3.66666666667
Tan Quee Lan 	0 	3.33333333333
Tan Sim Boh 	0 	3.0
Tan Tye 	0 	3.0
Tanah Merah Besar 	0 	5.0
Tanah Merah Ferry 	0 	5.0
Tanah Merah Kechil 	0 	5.33333333333
Tanglin Halt 	0 	5.5
Tanglin 	0 	7.0
Tangmere 	0 	8.0
Tanjong 	0 	7.0
Tanjong Katong 	0 	6.5
Tanjong Kling 	0 	6.0
Tanjong Pagar 	0 	6.0
Tanjong Penjuru 	0 	7.0
Tanjong Rhu 	0 	5.0
Tank 	0 	4.0
Tannery 	0 	7.0
Tao Ching 	0 	4.0
Tavistock 	0 	9.0
Tay Lian Teck 	0 	3.66666666667
Teachers' Housing 	0 	8.0
Teban 	0 	5.0
Tech 	0 	4.0
Technology 	0 	10.0
Teck Chye 	0 	4.0
Teck Guan 	0 	4.0
Teck Lim 	0 	3.5
Teck Whye 	0 	4.0
Telegraph 	0 	9.0
Telok Ayer 	0 	4.5
Telok Blangah 	0 	6.0
Telok Kurau 	0 	5.0
Telok Paku 	0 	4.5
Temasek 	0 	7.0
Tembeling 	0 	9.0
Temenggong 	0 	10.0
Temple 	0 	6.0
Teng Tong 	0 	4.0
Tengah 	0 	6.0
Teo Hong 	0 	3.5
Teo Kim Eng 	0 	3.0
Teow Hock 	0 	4.0
Terang Bulan 	0 	5.5
Tessensohn 	0 	10.0
Tew Chew 	0 	3.5
Tham Soong 	0 	4.5
The Inglewood 	0 	6.0
The Oval 	0 	3.5
Thiam Siew 	0 	4.5
Third 	0 	5.0
Third Chin Bee 	0 	4.0
Third Hospital 	0 	6.5
Third Lok Yang 	0 	4.0
Third 	0 	5.0
Thomson 	0 	7.0
Thomson Hills 	0 	6.0
Thomson 	0 	7.0
Thong Bee 	0 	4.0
Thong Soon 	0 	4.5
Thrift 	0 	6.0
Tiong Bahru 	0 	5.0
Tiong Poh 	0 	4.0
Tiverton 	0 	8.0
Toa Payoh 	0 	4.0
Toh 	0 	3.0
Toh Guan 	0 	3.5
Toh 	0 	3.0
Toh Tuck 	0 	3.5
Toh Yi 	0 	2.5
Tomlinson 	0 	9.0
Tong Lee 	0 	3.5
Tong Watt 	0 	4.0
Topaz 	0 	5.0
Toronto 	0 	7.0
Tosca 	0 	5.0
Towner 	0 	6.0
Townshend 	0 	9.0
Tractor 	0 	7.0
Trafalgar 	0 	9.0
Transit 	0 	7.0
Tras 	0 	4.0
Trengganu 	0 	9.0
Trevose 	0 	7.0
Tronoh 	0 	6.0
Truro 	0 	5.0
Tu Fu 	0 	2.0
Tua Kong 	0 	3.5
Tuah 	0 	4.0
Tuas 	0 	4.0
Tuas Basin 	0 	4.5
Tuas 	0 	4.0
Tudor 	0 	5.0
Tung Po 	0 	3.0
Turf Club 	0 	4.0
Turnhouse 	0 	9.0
Turut 	0 	5.0
Tyersall 	0 	8.0
Tyrwhitt 	0 	8.0
Ubi 	0 	3.0
Ulu Pandan 	0 	4.5
Unity 	0 	5.0
University 	0 	10.0
Upavon 	0 	6.0
Aljunied 	0 	8.0
Bedok 	0 	5.0
Boon Keng 	0 	4.0
Bukit Timah 	0 	5.0
Changi 	0 	6.0
Circular 	0 	8.0
Cross 	0 	5.0
Dickson 	0 	7.0
Coast 	0 	5.0
Hokien 	0 	6.0
Jurong 	0 	6.0
Neram 	0 	5.0
Paya Lebar 	0 	4.5
Pickering 	0 	9.0
Ring 	0 	4.0
Serangoon 	0 	9.0
Thomson 	0 	7.0
Toh Tuck 	0 	3.5
Weld 	0 	4.0
Wilkie 	0 	6.0
Valley 	0 	6.0
Vanda 	0 	5.0
Vaughan 	0 	7.0
Veeragoo 	0 	8.0
Veerasamy 	0 	9.0
Venus 	0 	5.0
Verdun 	0 	6.0
Vernon 	0 	6.0
Victoria 	0 	8.0
View 	0 	4.0
Vigilante 	0 	9.0
Viking 	0 	6.0
Vista 	0 	5.0
Wajek 	0 	5.0
Wallace 	0 	7.0
Wallich 	0 	7.0
Walmer 	0 	6.0
Walshe 	0 	6.0
Walton 	0 	6.0
Wan Lee 	0 	3.0
Wan Shih 	0 	3.5
Wan Tho 	0 	3.0
Wareham 	0 	7.0
Waringin 	0 	8.0
Warwick 	0 	7.0
Waterloo 	0 	8.0
Watten 	0 	6.0
Wee Nam 	0 	3.0
Weld 	0 	4.0
Wellington 	0 	10.0
Wessex 	0 	6.0
Camp 	0 	4.0
Coast 	0 	5.0
Coast Ferry 	0 	5.0
Coast 	0 	5.0
Perimeter 	0 	9.0
Westbourne 	0 	10.0
Westerhout 	0 	10.0
Western 	0 	7.0
Westlake 	0 	8.0
Westridge 	0 	9.0
Westwood 	0 	8.0
Weyhill 	0 	7.0
Whampoa 	0 	7.0
Whitchurch 	0 	10.0
White House 	0 	5.0
Whitley 	0 	7.0
Wholesale 	0 	9.0
Wilby 	0 	5.0
Wilkie 	0 	6.0
Wilkinson 	0 	9.0
Willow 	0 	6.0
Wilmonar 	0 	8.0
Wilton 	0 	6.0
Wiltshire 	0 	9.0
Wimborne 	0 	8.0
Winchester 	0 	10.0
Windsor 	0 	7.0
Winsor 	0 	6.0
Winstedt 	0 	8.0
Wishart 	0 	7.0
Wittering 	0 	9.0
Woking 	0 	6.0
Wolskel 	0 	7.0
Wong Chin Yoke 	0 	4.0
Woo Mon Chew 	0 	3.33333333333
Woodgrove 	0 	9.0
Woodlands 	0 	9.0
Woodleigh 	0 	9.0
Woodsville 	0 	10.0
Woollerton 	0 	10.0
Woolwich 	0 	8.0
Worcester 	0 	9.0
Worthing 	0 	8.0
Xilin 	0 	5.0
Yan Kit 	0 	3.0
Yarrow 	0 	6.0
Yarwood 	0 	7.0
Yee Tee 	0 	3.0
Yew Siang 	0 	4.0
Yew Tee 	0 	3.0
Yio Chu Kang 	0 	3.33333333333
Yishun 	0 	6.0
Yong Siak 	0 	4.0
York 	0 	4.0
Youngberg 	0 	9.0
Yuan Ching 	0 	4.5
Yuk Tong 	0 	3.5
Yung An 	0 	3.0
Yung Ho 	0 	3.0
Yung Kuang 	0 	4.5
Yung Loh 	0 	3.5
Yung Ping 	0 	4.0
Yung Sheng 	0 	4.5
Yunnan 	0 	6.0
Zion 	0 	4.0
Zehnder 	0 	7.0
